population,price,income,employment,poverty,area
5012,430800,73341,64.6,472,1
3504,530100,112613,76.8,65,2
6604,320700,49090,70.3,1016,3
3123,423900,49083,66.6,421,4
4247,536000,91767,65.3,142,5
4047,489800,76205,58.7,533,6
1755,604900,78093,68.9,16,7
3226,492500,102934,64,76,8
1847,442400,65932,61,143,9
3542,595100,62009,56.6,382,10
2786,463500,82724,67.7,152,11
5114,426600,81776,63.4,286,12
6033,492200,79799,56.4,763,13
3249,771800,117105,68.2,213,14
6697,404700,76438,72.3,425,15
3573,412500,72459,63.6,82,16
5671,256200,52044,66.4,829,17
5395,421900,49711,63,572,18
4278,424000,70667,61.6,302,19
4697,340300,57577,65.9,531,20
4612,354900,48320,67.6,670,21
3628,97200,64003,60.1,559,22
4725,369700,63103,60.7,561,23
5783,381700,56338,71.5,438,24
3290,401500,68524,65.3,322,25
3268,304800,56557,62.5,603,26
2791,413200,47843,62.2,315,27
3070,372300,53673,66.8,357,28
3554,394800,49021,60.7,618,29
3402,366400,55208,61.4,258,30
4108,395100,37162,55.8,654,31
2100,255600,46070,68.9,377,32
4095,267000,59111,66.2,400,33
5250,391900,59621,66.3,468,34
3420,389700,51472,63,258,35
2031,291700,42351,72.7,305,36
2636,501600,92282,66.1,168,37
5912,482400,93600,64.2,159,38
4346,369100,88481,63.3,207,39
5822,441900,73722,59.9,470,40
3631,403600,69863,63,202,41
5562,332500,52338,69,711,42
3148,374100,65271,55.6,103,43
3202,355800,56733,70.7,315,44
5042,400800,74730,71.9,160,45
2672,272500,34104,55,395,46
3783,300000,49240,77.8,407,47
5020,529000,84008,65.3,178,48
5297,283200,64515,61.4,559,49
3200,665500,114669,62.2,53,50
4649,477300,62120,67.8,348,51
2127,651500,118320,67.4,30,52
3477,620700,96709,69.3,227,53
4333,888800,134630,62.9,53,54
3487,636200,121335,58.4,52,55
3620,535600,93679,65.1,156,56
4395,435800,48565,59.7,623,57
2701,496800,95835,67.8,202,58
3175,376400,70912,56,260,59
5379,372600,64727,62.9,626,60
2307,631600,137070,63.5,57,61
3772,650400,112251,65.7,194,62
3300,805100,148045,62.8,14,63
1870,659900,131377,63.7,30,64
5582,677500,115148,60.5,155,65
5579,902300,154145,65.1,269,66
2447,339800,64238,51.8,79,67
2756,437300,86563,67.6,116,68
3386,432900,87055,63.7,89,69
3712,384800,73887,63.1,107,70
4765,384100,62697,66.8,295,71
5210,446000,81847,64.5,331,72
3910,437100,68407,69.9,205,73
2975,421600,77528,65.9,114,74
4455,475300,84500,67,261,75
4313,477000,94724,64.1,351,76
3054,493100,94438,64.8,194,77
3191,495500,99009,61.2,77,78
5313,497100,86377,62.8,312,79
6083,733900,152223,64,231,80
3863,543300,88276,62.7,249,81
4652,616100,116587,60.4,163,82
7600,567100,65581,70.6,815,83
4762,580300,80353,62.6,460,84
8049,534300,72736,62.6,648,85
3861,660400,111862,49.1,154,86
2945,892700,143453,57.7,113,87
4085,467400,126032,67.7,119,88
3181,507600,94504,65.5,73,89
4552,462800,86476,68.4,250,90
2171,674500,98702,59.7,58,91
4132,672200,102878,67,108,92
6895,336400,50468,70.8,680,93
4742,250000,63773,64.2,662,94
1637,290200,78295,65.5,96,95
3847,711800,113766,63.9,171,96
2313,794900,130915,57.7,45,97
4299,489500,99566,65.2,94,98
5868,392400,65428,75.4,432,99
4152,595000,101646,64.9,190,100
5265,505400,76724,66.4,318,101
6571,386500,53409,73.4,920,102
6571,377400,71657,70.5,401,103
5252,786000,144930,59.8,64,104
2294,0,79247,45.4,52,105
3732,548000,57609,64.6,675,106
7023,638100,64736,64,1030,107
4969,500300,60264,70.4,704,108
3914,586200,78445,65,420,109
4007,559600,56444,71.5,577,110
5964,644400,75419,65.7,666,111
3536,494500,60400,65.7,433,112
2889,442000,64375,59.8,442,113
5124,395000,86682,70.7,342,114
2687,387700,73290,69.4,92,115
5052,521800,52832,60,843,116
2514,489800,107048,67.5,56,117
4154,481200,96126,71,132,118
5107,565200,95104,63.5,177,119
3603,479400,88667,70,128,120
4124,526300,85881,66.8,172,121
3801,275600,38291,65.4,845,122
3484,346300,34651,71,659,123
3269,246900,39604,77.5,726,124
3931,387500,42959,72.3,612,125
3633,343200,51781,68.3,722,126
5626,361400,50667,70.4,918,127
3849,463100,68353,67.6,174,128
6998,444500,65387,57.7,746,129
4064,401100,71002,67.1,196,130
4270,385700,67335,62.7,388,131
3803,305600,63795,68.4,268,132
4683,340000,52031,68.1,761,133
3981,312500,39804,73.1,687,134
2549,393400,53943,59.6,168,135
3511,272100,55356,70.1,518,136
5415,423600,79700,68.5,506,137
4562,487900,78741,62.2,445,138
6099,451900,76561,70.5,265,139
5051,404900,73807,66.1,185,140
2993,315700,58637,67.6,228,141
5231,483300,42149,66.9,1017,142
2930,0,36672,65.1,498,143
3497,603800,31623,69.5,716,144
2674,389700,45422,70.5,533,145
2991,447300,41293,60.8,433,146
4331,462500,42435,73,795,147
3742,409200,34280,65.6,955,148
4613,269000,41817,66,730,149
5439,380500,70505,70.1,223,150
6883,417900,50230,66.7,893,151
4989,407300,76881,66.1,435,152
3364,484200,60141,60.6,372,153
3039,392900,57666,72.6,370,154
2559,525700,88135,66.7,238,155
2858,349100,60290,54.5,306,156
2135,384100,65434,63.7,157,157
4537,468200,48023,64,584,158
2902,521600,96425,65.3,158,159
3761,316300,46847,75,523,160
3297,404200,66535,63.4,572,161
4210,400400,65067,65.9,246,162
5595,460300,67053,62,492,163
4956,391700,57768,68,352,164
3034,432100,55310,63.7,342,165
2118,390600,41586,63.8,303,166
4230,466500,57291,63.7,446,167
3679,176300,35302,66.8,632,168
5029,450300,52321,69.7,729,169
4713,374700,54925,69.1,671,170
3395,370300,62231,69.2,351,171
4587,374800,59377,71.8,252,172
4346,460600,56468,70,586,173
3839,319700,39518,70.4,423,174
3378,353800,47358,73.1,562,175
2914,440200,49664,65.9,387,176
2752,395500,42747,67.8,451,177
4553,386100,67612,70.7,309,178
3381,397600,56442,64.1,396,179
4711,489400,41115,55.9,514,180
4046,533500,47010,61.1,505,181
4449,393500,52886,71.4,610,182
4920,582300,61437,67.8,494,183
2725,531300,43376,62.2,435,184
5557,447600,61532,70.2,649,185
3412,618700,64339,69.5,484,186
4012,501600,59965,67.8,444,187
5212,605900,60213,68.9,731,188
4481,478800,59175,71.5,379,189
2622,572800,71787,75.5,314,190
4682,719900,121973,75.2,327,191
3748,580900,63270,76.4,439,192
2023,339300,49889,66.8,362,193
2778,479400,45414,73.1,445,194
2598,397400,50886,69.7,479,195
3474,464000,67440,72,156,196
2659,412100,49643,74,427,197
3230,447600,48222,73.6,601,198
3944,436900,56282,72.7,325,199
4100,604900,83993,67.2,472,200
3055,703700,85692,75.1,201,201
3319,780100,99222,74.9,166,202
4728,797900,88889,69.2,229,203
2903,471100,61831,63.8,141,204
3383,359300,52237,66,653,205
5438,643200,101787,80.7,368,206
3920,589000,71166,79,419,207
4303,564800,53944,69.2,641,208
5234,350000,57176,76.1,563,209
3685,454500,65529,81.2,490,210
3892,447700,86145,83,315,211
3195,589600,61885,83.4,312,212
3030,586500,65704,83.4,393,213
2655,771300,112137,67.2,144,214
5687,390500,46828,67.5,866,215
3054,85700,47336,72.9,480,216
4149,437400,60235,71.1,632,217
5478,449000,58413,67.3,651,218
5235,358300,45246,67,760,219
4581,374700,56932,73.4,627,220
6035,314800,46600,67.8,966,221
3941,231900,39181,75.1,704,222
3024,432900,53852,69.4,344,223
2922,539300,38927,59.7,503,224
3324,573000,52178,69.8,464,225
3738,489200,72548,70.7,362,226
3621,607800,82815,71.9,317,227
2729,546200,37291,63,569,228
3737,484400,59267,72,346,229
3788,429000,56834,71.4,499,230
4447,387300,64894,64.3,384,231
3540,550500,44729,71.3,612,232
5416,473900,45248,67.3,701,233
3616,462800,54557,72,521,234
3447,446500,80759,67.9,265,235
4505,590700,49749,70.9,754,236
5211,331300,37391,67.1,1104,237
2905,574900,63620,74.5,373,238
5119,242200,41680,69.1,1010,239
3531,123200,37840,67.6,721,240
4126,539800,72383,74.6,177,241
4263,523100,78795,73.8,469,242
4048,594000,53819,78.2,721,243
2885,695300,97120,74.9,154,244
5484,636400,92847,75.8,474,245
3355,458000,77238,77.4,336,246
4712,635300,85649,76.7,106,247
3580,692400,99792,76.9,138,248
6393,427100,50249,69.1,1016,249
5643,411700,61811,64.6,511,250
3610,525400,87296,70.7,170,251
3257,433500,83830,66.1,324,252
5058,416800,79350,63.9,316,253
5753,393800,68493,64.5,428,254
5410,452200,83980,68.1,184,255
4869,393500,68737,69,525,256
3503,425900,62671,71.8,391,257
5941,420700,62684,65.1,525,258
4816,444000,67406,68.5,489,259
3200,524700,77067,65.8,95,260
3284,517000,87159,68.5,162,261
4122,462900,70777,73.7,323,262
5031,431000,62854,68.3,683,263
7086,434900,50936,60.3,977,264
3387,370700,56299,56.8,192,265
3880,341700,54422,63,394,266
5310,459300,56373,64.9,724,267
3784,609400,86498,62.1,191,268
4828,404800,75214,65,274,269
5818,492300,72942,65.6,447,270
3856,451800,57347,69.5,435,271
3711,493200,75064,68.8,336,272
6020,522800,76437,64.9,670,273
4462,430600,70627,67.1,403,274
4155,451100,79955,71.5,324,275
4469,428100,98832,66,310,276
3689,503800,98012,65.9,73,277
5537,385500,87178,68.5,235,278
3079,474000,87928,59.8,308,279
4590,0,42651,71.4,846,280
3451,411400,73194,61.5,364,281
3921,707100,126122,62.2,101,282
4753,581500,109113,61.1,283,283
3530,641600,93081,58,105,284
2837,871500,159817,68.9,3,285
5256,254700,42581,71,573,286
2477,412500,50099,74.1,226,287
3791,378400,45424,74.6,431,288
5769,396300,56313,72.7,860,289
4927,373400,60707,70.6,388,290
5931,437800,75110,63.9,453,291
2956,488000,80356,65.9,283,292
4617,0,59186,75,286,293
4641,431300,62163,66.4,388,294
2871,637500,117253,82.5,171,295
3706,577200,86976,62.3,327,296
2985,495300,86788,70.3,122,297
2928,173700,78323,69.3,235,298
4366,394000,67155,59.6,224,299
2649,526200,120757,54.3,179,300
4364,551700,99570,65.1,181,301
7298,588800,99164,62,535,302
4880,389100,134669,60,104,303
4390,631200,92470,79.2,173,304
2720,599000,107498,61.4,65,305
5670,793200,75521,64.7,330,306
2284,726700,162449,55.5,83,307
4571,681900,128448,63,196,308
4183,825500,129327,67.2,146,309
5904,942300,111923,60.9,347,310
3640,687600,95256,58.9,202,311
3846,"1,000,000+",106405,59.4,48,312
1885,798100,189876,64.2,35,313
4585,536500,163467,68.1,152,314
4907,516200,87302,75.7,226,315
5393,637600,77489,69.7,429,316
5064,335000,117519,61.8,218,317
4183,359300,57436,67.1,532,318
4613,435300,55561,66.4,842,319
2961,858700,65261,68.8,246,320
3205,658700,141233,49.1,193,321
2853,348500,76707,56.6,157,322
5197,398600,62904,68.7,720,323
3445,"1,000,000+",51591,64.5,265,324
5131,979700,150530,71.3,348,325
4959,"1,000,000+",177458,61,122,326
5863,"1,000,000+",197769,58.3,197,327
2744,"1,000,000+",168996,67.9,115,328
3210,"1,000,000+",192446,51.5,46,329
3813,617700,207383,55.7,88,330
4331,910300,89198,76.1,236,331
3047,615200,120345,79.5,136,332
3765,958700,74064,79.5,263,333
2758,762600,137336,67.4,169,334
5669,359900,100773,77.1,482,335
3359,711700,71781,78.4,358,336
3138,944000,97024,77.3,192,337
4500,"1,000,000+",130382,64.2,255,338
3066,"1,000,000+",266795,61.4,73,339
3702,"1,000,000+",207171,64.7,107,340
3197,954500,254099,70.5,99,341
4249,587700,110365,79.4,281,342
4059,731200,76306,82.3,303,343
6303,801500,103800,76.8,336,344
6402,791000,115756,78.4,423,345
4489,685500,133925,79.8,286,346
4168,644800,112572,69.1,372,347
2223,416700,88579,83,226,348
3023,"1,000,000+",97946,85.9,241,349
3707,"1,000,000+",179884,74.2,126,350
5114,"1,000,000+",154968,76.4,246,351
4002,914200,223994,73.1,140,352
2705,667000,151511,73.1,104,353
6193,615100,107754,69.6,201,354
3898,525300,101666,64.4,192,355
4778,501100,76109,63.1,647,356
3491,557300,97375,68.5,111,357
4379,493700,73240,59.2,140,358
4049,604600,90908,70.5,198,359
3834,535300,61862,68.5,315,360
2062,500000,79288,64.3,50,361
4508,514400,57923,65.5,512,362
3327,462700,70840,70.6,187,363
3267,397900,66905,60.4,298,364
3626,436200,65251,67.1,395,365
2811,436600,74938,68.7,225,366
2998,434900,62465,65.4,527,367
2584,463000,65867,71.4,187,368
3639,490700,56717,70.8,386,369
3178,462800,49434,68.8,466,370
3031,329000,58271,72.1,283,371
2986,439700,56449,76.3,519,372
3145,444700,74778,64.8,271,373
4201,416100,41197,71.6,658,374
3651,573800,44205,66.6,711,375
6378,535300,97365,64.2,739,376
3951,424500,70699,74.1,594,377
3143,618400,66671,67.8,180,378
1961,356100,119172,60.7,141,379
3559,427200,52308,56.4,546,380
2877,566700,44981,65.7,345,381
4614,574900,83238,69.9,334,382
3013,529100,59076,62.9,364,383
1971,582200,82295,61.5,105,384
2705,553100,86868,57.8,301,385
2648,548700,66792,63,335,386
4196,345100,95687,69.4,265,387
3721,499000,48062,58.9,515,388
3070,471900,58374,64.7,226,389
2361,554900,50359,66.2,403,390
3138,583800,68750,64.6,344,391
2839,359400,58015,67.8,87,392
3039,701000,47667,64.6,302,393
3174,579800,96243,76.1,183,394
3763,741800,63205,75.5,500,395
3240,"1,000,000+",80506,85.3,243,396
2450,633100,110763,66.2,102,397
3310,637700,80243,72.8,213,398
2776,647700,72915,67.6,301,399
2896,"1,000,000+",95676,74.5,241,400
3365,"1,000,000+",49457,74.7,444,401
2645,"1,000,000+",119870,71.5,61,402
3177,"1,000,000+",234430,65.9,187,403
3376,771500,135704,77.9,252,404
4351,928400,76387,84.5,240,405
3524,914100,90837,81.3,453,406
3927,798100,115054,73,675,407
2135,673100,129499,80.2,136,408
4166,585500,82315,78.1,521,409
5037,534300,67960,81.9,429,410
2060,0,69855,73,285,411
2470,705500,54973,73,365,412
2484,771400,65063,74.1,186,413
4690,0,52838,83.3,889,414
2769,"1,000,000+",32620,64.2,643,415
3110,435700,38662,70.2,818,416
4625,0,39464,72.7,772,417
3370,0,50988,67.7,501,418
2294,0,33922,57.6,611,419
4612,461900,39931,71.7,960,420
3667,547600,32143,60.6,810,421
3199,663500,51673,70.2,619,422
2519,457100,36006,60.1,674,423
2886,506800,37825,71.4,412,424
4232,680100,41596,71.9,772,425
4055,383900,39233,70.1,671,426
3338,539100,55655,75.5,664,427
3457,555100,32878,71.9,410,428
4383,544600,37007,62.8,887,429
4935,747100,38353,59,930,430
2599,718800,37353,68.4,431,431
1744,653400,34297,68.2,230,432
2484,663700,51287,63.1,259,433
2477,642900,50735,75.6,274,434
5009,570700,39791,70.1,927,435
3995,586000,46845,77.1,754,436
5631,548500,45190,65.8,1050,437
4610,533300,54360,75.6,500,438
2917,460800,40776,63.3,424,439
2805,604200,39162,72.6,539,440
4271,617200,45961,74.4,751,441
3900,591900,50436,79.4,756,442
2623,701900,60417,78.6,342,443
3791,889100,58904,83.1,619,444
2944,845300,113676,69.7,214,445
2478,828500,68933,60.5,345,446
2572,839600,116302,77.5,271,447
2771,851400,118514,78.7,193,448
3607,506400,73270,71.3,289,449
3964,566100,61680,71.6,509,450
3855,645300,50457,69.5,418,451
5000,568800,41761,77.1,813,452
4971,0,38720,72,775,453
3768,473600,40625,74.6,660,454
2902,"1,000,000+",34642,59.8,895,455
2944,"1,000,000+",111350,83.9,310,456
3459,"1,000,000+",196656,77.8,116,457
3621,"1,000,000+",246347,75.4,259,458
3700,"1,000,000+",263611,70.8,323,459
2460,960400,84065,73.4,185,460
3508,"1,000,000+",136140,82.1,473,461
2202,944800,122759,70.2,167,462
4521,967600,152197,68.4,255,463
2895,862600,85041,80.7,228,464
3354,656700,142671,76.5,51,465
3342,794500,77545,77.5,385,466
3998,750300,88719,71.4,343,467
5058,647900,96182,74.2,500,468
3289,484400,68902,70.9,436,469
5091,541100,45710,63.8,744,470
2249,416700,53387,74.4,297,471
2704,659200,50952,64.4,386,472
2735,570600,88964,70.9,423,473
2465,490700,54289,76.8,340,474
2499,739900,66911,69.8,322,475
1924,495600,65617,73.7,368,476
2252,423300,57163,77.6,356,477
3813,568400,64278,61.7,396,478
3937,612400,61767,73.5,416,479
3730,607500,77867,74.6,357,480
3550,758100,64875,69.5,471,481
4008,824500,63929,69,395,482
2523,498700,63332,68.1,309,483
5410,354200,47849,61.9,1370,484
4863,387000,43683,60.8,962,485
2783,369200,51981,62.2,258,486
4371,361600,34570,56.9,1034,487
4402,423000,43473,60.2,696,488
2649,478000,51079,66.6,352,489
4195,343000,74598,60.9,437,490
4744,385500,42821,58.3,675,491
3358,406900,38636,64.4,750,492
5362,295800,41768,62.3,870,493
2881,393000,40720,64.4,473,494
2767,449500,58303,64,151,495
4295,243100,51558,70.9,659,496
2930,425400,51454,63,363,497
3278,424400,55517,59,347,498
3633,368500,73529,64.2,277,499
4937,398800,58707,66.7,573,500
4690,414300,66036,60.3,319,501
5196,399100,57648,64.9,492,502
3364,381900,46496,59.3,481,503
2211,335900,60403,63.4,233,504
2495,381000,66035,63.5,245,505
2930,356100,64913,69.8,143,506
5637,391200,59982,59.1,487,507
4858,435900,28816,54.3,991,508
5098,361400,43567,59.1,732,509
2220,472000,44470,50.1,227,510
3503,330700,52204,71.9,487,511
4712,427100,39519,64.8,674,512
3194,299100,45269,60.4,415,513
4381,369200,38600,59.1,799,514
4709,404400,46628,58.1,347,515
2881,350000,51915,72.2,430,516
3235,414600,43213,57.7,448,517
2636,420000,54095,73.3,234,518
2782,407800,35814,62.2,452,519
5158,377800,40443,56.9,998,520
2097,587600,32411,65.6,516,521
2903,385400,32040,58.6,689,522
4694,279700,51261,69.4,527,523
4441,377200,45866,58.5,553,524
4083,367200,38704,54.9,556,525
2615,454900,56142,60.3,272,526
2967,349200,46536,56.8,604,527
2591,0,48799,61.6,330,528
3629,452500,35002,60.2,702,529
3445,534300,32764,54.5,569,530
2881,0,30323,60,614,531
7363,475600,89517,3.6,17,532
3040,359100,85706,75.4,671,533
5212,0,33232,53.9,883,534
2670,332800,29815,45.3,552,535
2735,89300,33331,31.1,983,536
5222,0,11624,28.6,3542,537
2934,0,36377,43.2,728,538
2295,493800,23332,43.3,552,539
2100,346500,33272,55,450,540
4356,386500,41618,63.1,1271,541
3352,0,55060,78.8,633,542
969,480500,9611,0.1,0,543
1970,0,74059,77.5,169,544
2281,464900,52485,48,53,545
2602,587400,81534,74.1,397,546
4470,450000,95832,65.9,744,547
7020,0,51834,65.2,1273,548
2227,572600,41380,71.6,437,549
4718,275000,37087,71.7,690,550
5093,567600,32808,69.2,886,551
3170,361800,48453,70.9,479,552
2669,472700,55277,74.4,252,553
3714,457900,33999,69.2,548,554
3994,385000,44454,63.9,476,555
4815,283700,46053,66.7,689,556
3865,517900,50963,73.4,707,557
4412,0,32649,66.5,1082,558
3271,"1,000,000+",28478,61.5,606,559
2528,0,38811,69.5,429,560
2255,0,36570,78.3,534,561
3799,0,34602,70.1,676,562
3640,510400,21922,61.6,1076,563
5057,0,27894,62.8,1803,564
3435,0,26799,60.2,1139,565
2119,500000,22330,52.5,694,566
2523,709800,61425,73.4,668,567
4810,0,32938,58.2,1323,568
3878,115000,32478,71.5,813,569
3772,0,32277,82.9,796,570
3614,0,30703,54.1,1125,571
2778,752900,35770,72.3,497,572
2493,750000,30890,73.9,408,573
2768,468600,29557,61.5,565,574
2656,262100,32484,75.1,570,575
3169,"1,000,000+",32539,61.5,524,576
4346,530000,241706,69.4,185,577
5386,736100,56565,71.9,431,578
2396,0,50657,75.5,401,579
2703,525500,46937,75.7,419,580
2921,770800,40386,75.7,501,581
2491,445500,37943,78.6,437,582
4252,774600,39583,72.1,890,583
3206,803100,42605,73.3,563,584
2845,583000,50147,69.5,360,585
3238,"1,000,000+",45439,73.4,464,586
5024,800000,103415,75.5,429,587
3150,640600,183303,70.9,116,588
5184,396500,43502,68.2,471,589
2944,258500,43025,63.7,279,590
4429,294100,43342,79.2,559,591
3808,782100,40526,68.2,538,592
3220,228600,45107,64.1,520,593
4825,0,44901,77.1,705,594
2213,198100,46796,71.7,376,595
3679,362500,45790,80.3,333,596
2175,404500,47070,75.4,392,597
2192,371200,29457,56.2,228,598
3515,0,34478,74.6,785,599
2930,0,29715,70.9,356,600
3837,0,33773,76.5,693,601
3187,0,48883,80.7,576,602
1912,0,30821,80.4,302,603
2999,0,34563,76.9,415,604
3378,592600,37846,75.9,506,605
4160,796900,42299,74,730,606
3250,0,36985,69.3,543,607
2154,508300,43557,78.4,258,608
2963,600000,63903,68.7,304,609
4156,821600,60852,72.3,549,610
4576,718000,43770,73.1,643,611
2390,731400,60863,60.1,149,612
3733,646200,116853,70.5,190,613
3715,666700,63006,64.8,603,614
4312,735600,41096,65.2,692,615
3073,666700,59249,62.1,426,616
4293,567900,37888,65.3,624,617
3935,559700,37919,70.2,636,618
3696,518800,39450,63.8,397,619
2179,0,30066,61.8,347,620
5496,691500,37864,80.3,624,621
4632,"1,000,000+",39727,75.6,473,622
3579,"1,000,000+",143674,71.2,82,623
4042,"1,000,000+",165114,71.1,90,624
2987,"1,000,000+",90248,87.8,397,625
2792,0,103102,77.6,223,626
5137,0,76066,65.8,1161,627
3419,983200,101093,75.1,186,628
2389,"1,000,000+",124199,76.5,191,629
2523,"1,000,000+",129986,77.1,100,630
2822,628900,131535,78.1,164,631
2755,654000,90280,80.5,293,632
2607,0,90363,80.2,269,633
2370,0,66424,89.4,197,634
3271,929800,73334,87,464,635
2537,849300,125981,69.4,99,636
4880,"1,000,000+",116955,82.8,452,637
4807,616900,113572,73.2,318,638
4856,540300,80555,75.1,349,639
2788,646100,79971,72.8,257,640
4044,"1,000,000+",84732,74.1,238,641
3473,707200,133425,75.3,295,642
4855,960200,84717,73.2,282,643
2612,805900,111437,67.5,88,644
5119,508900,84062,70.7,267,645
5607,770200,76138,81.5,597,646
3891,538400,81790,74.8,295,647
3584,537300,59378,68.5,278,648
4842,466500,38922,70.2,1078,649
3911,486400,37120,65.1,441,650
4591,566300,66305,57.1,579,651
5475,469100,47398,65.4,764,652
4162,343100,40999,58.9,633,653
3167,454700,49062,69.2,382,654
3640,733300,51943,59.5,599,655
2099,391700,59223,66.9,274,656
2305,674300,45578,58.6,489,657
2565,607700,54146,74.5,346,658
5469,406000,44539,60.2,771,659
2652,397500,47700,65.9,299,660
3920,403400,46987,67.9,480,661
4274,433700,46631,54.7,702,662
1817,388000,88872,67.4,73,663
4304,452400,55378,76.1,341,664
3033,410600,40647,70.1,403,665
4698,452600,34034,67.4,704,666
4017,438400,49590,70,313,667
5614,509500,45900,66.2,770,668
2113,566000,46043,58.4,385,669
3607,453500,39862,70,641,670
3349,493800,42472,72.9,463,671
3133,532700,44938,71.5,517,672
3530,608400,38432,75.6,483,673
4848,767600,38408,69.8,1085,674
2702,392900,39476,67,548,675
3732,552600,35026,70.4,607,676
3317,649700,35972,51.5,500,677
3162,564800,56302,62.3,555,678
3402,559600,38488,53.6,767,679
3604,528800,56624,68.9,520,680
3011,569900,40915,64.4,662,681
2849,547800,34621,55,854,682
2826,500000,25106,45.2,1196,683
3298,338900,27867,52.6,1788,684
4003,488500,23473,43.2,1138,685
3128,346900,64593,63.5,275,686
4622,337300,47670,65.9,222,687
3795,478300,58710,69.2,450,688
4216,444200,44372,66.1,745,689
5115,277100,45006,67.2,710,690
5245,0,37413,55.8,1377,691
3682,"1,000,000+",22103,28.7,368,692
2209,292200,27004,56.1,551,693
2584,525000,33591,66.1,554,694
2493,413600,40968,66.4,318,695
2248,591500,35939,74.7,387,696
2998,408800,29399,66,743,697
3381,368800,38781,59,902,698
2146,397400,26629,57.8,605,699
3569,0,41022,61.2,811,700
5981,503600,20449,37.8,1517,701
1988,423600,37128,62.8,341,702
1429,361100,47166,71.9,438,703
3479,312300,35909,59.7,763,704
5576,416200,32951,62.8,1264,705
5862,393500,36395,60.7,1320,706
4862,425400,36834,60.9,988,707
3238,404200,36984,66.3,694,708
4575,346900,35808,60.4,934,709
3557,428700,37781,60.6,672,710
3944,370200,39383,61.2,797,711
3958,360200,42213,54.8,815,712
3455,398400,35887,57.2,600,713
3689,320900,45367,57.6,589,714
2940,404500,42809,65.6,614,715
4762,388300,39286,64.4,878,716
4704,345100,34570,61.1,1203,717
4256,348200,36072,64.5,1173,718
4538,393700,42607,62.5,738,719
5365,341500,33253,59.6,1051,720
3193,357200,28232,50.4,705,721
4326,331300,51453,67.4,786,722
3795,470100,33698,56.9,821,723
5798,298600,33427,61.4,1450,724
3207,384400,46095,62.1,690,725
4553,450000,45645,61,683,726
2894,358600,39303,47.1,1033,727
3543,315900,34544,68.3,678,728
4240,397300,32483,60.8,876,729
4925,419200,41008,57.6,884,730
4799,382900,43616,63.4,560,731
4371,447300,47334,63.4,460,732
7636,325000,45982,61,1325,733
4744,329500,30448,63.1,1077,734
4780,436000,33517,64.3,1062,735
4937,365300,31859,65.8,1291,736
5697,336400,37582,63.4,1365,737
2686,443300,33411,63.5,588,738
5254,334300,35732,62.5,1062,739
3006,328600,38576,64.1,713,740
3614,361500,44025,59,488,741
6904,403100,42550,60.6,1096,742
5056,354500,38332,58.4,1009,743
6040,351100,42249,59.1,1030,744
6068,373900,38232,63,914,745
4206,448700,38450,59.3,739,746
5855,466100,59141,63.1,601,747
2542,445000,71379,49,232,748
4297,336200,46382,56.6,732,749
2577,386500,51744,64.8,369,750
2232,426100,45637,61.4,174,751
5005,383300,63829,68.7,820,752
3899,329900,46039,55.1,449,753
3460,287200,56990,63.5,312,754
3061,409400,28885,51.1,626,755
3771,474200,42739,55.9,654,756
4752,416900,77207,67.7,292,757
2711,401300,48227,66.2,458,758
4127,516200,34493,55.1,807,759
4240,576900,81295,61,117,760
5268,0,39020,56.3,958,761
5238,0,29449,54.9,1315,762
3799,0,40730,66.9,454,763
3444,669400,31679,65.2,817,764
4440,355500,72349,63.5,315,765
3890,346900,43315,65.2,779,766
2885,345100,36130,57,587,767
3694,403500,41509,60.8,668,768
4720,347800,47243,65.3,608,769
4961,325400,47729,63.3,471,770
3482,241400,44047,64.6,301,771
3404,406000,45753,53.2,293,772
2574,387500,41886,62,382,773
3892,404800,37223,59.7,607,774
3466,207300,39339,63.6,768,775
3389,401200,32261,55,665,776
4646,385100,51171,50.7,546,777
3738,351900,53231,53.4,468,778
5704,386400,60580,58.6,524,779
5066,378300,56131,65,506,780
5233,441300,43019,59.2,436,781
4566,331500,31188,60.9,1076,782
3237,389600,33962,57.8,780,783
4588,407300,56781,58.4,492,784
3200,400000,32402,57.1,641,785
4967,371800,42870,57.5,730,786
4166,330700,41480,64.3,629,787
3442,272300,38967,61.1,677,788
2963,369000,46491,60.4,491,789
3425,339100,38322,59.1,623,790
3385,363100,39441,58.9,710,791
3511,225600,33908,50.4,818,792
3586,298500,39272,61,756,793
4712,370900,34485,60.4,1026,794
3732,357900,35379,53,742,795
3631,344500,34583,61.7,780,796
4340,371200,41479,61.9,823,797
3809,332500,32038,55.1,700,798
5697,388100,48661,54.4,680,799
5450,353500,38983,57.5,997,800
4558,344600,39351,54.1,831,801
4616,295900,47631,66.1,688,802
3862,345900,33091,52.7,653,803
5676,396200,38293,62.6,950,804
4166,321100,38690,64.7,536,805
6113,325800,38921,51.5,893,806
4992,317800,42481,55.7,1035,807
5509,405700,45498,61.4,779,808
3918,346200,38632,65.8,958,809
4231,284800,48807,62.6,586,810
2729,346500,35715,58.9,524,811
4913,283700,36660,53.3,950,812
2614,338800,39193,61,361,813
4994,434200,40235,53.2,726,814
2131,318300,46142,56.1,357,815
3363,355800,38610,58,461,816
3713,0,41980,55.7,504,817
2714,319700,21545,35.1,709,818
6195,329900,41880,56.6,912,819
5025,344600,48748,62.2,767,820
4627,352700,22709,43.7,1126,821
4662,338500,35140,57.8,641,822
5830,264500,43783,52.7,780,823
6531,"1,000,000+",39572,51.3,1274,824
3839,"1,000,000+",265838,64,119,825
4283,"1,000,000+",329240,56.8,192,826
3980,"1,000,000+",238059,66,103,827
3159,"1,000,000+",351248,55.8,47,828
4550,"1,000,000+",256874,60.9,69,829
2940,"1,000,000+",240982,54.1,36,830
2960,"1,000,000+",307322,62.7,23,831
3092,"1,000,000+",380794,48.1,68,832
3225,"1,000,000+",339418,51.8,62,833
3472,"1,000,000+",281590,59.5,101,834
3890,"1,000,000+",332987,64.2,149,835
5936,"1,000,000+",229612,57.6,152,836
3373,"1,000,000+",201420,67.4,106,837
3443,"1,000,000+",268399,54.1,66,838
3542,"1,000,000+",315911,63.2,43,839
3249,639600,321641,61.4,192,840
2974,647100,117434,76.2,212,841
2178,789300,131497,79.5,154,842
4831,936700,121862,84.5,372,843
5499,"1,000,000+",135177,77.6,466,844
2536,"1,000,000+",212482,50,119,845
3077,680900,189966,52.6,234,846
3809,0,121556,57.6,820,847
11298,377100,0,34.1,0,848
4926,"1,000,000+",40232,56.9,3301,849
3612,440300,26549,57.4,2164,850
4644,"1,000,000+",46973,49.6,2439,851
1466,"1,000,000+",138408,71.3,26,852
1833,622500,206481,60.9,252,853
3871,739200,91768,64.2,1395,854
4374,869300,104447,71.3,643,855
2832,943500,113006,67,93,856
3066,"1,000,000+",186501,58.8,238,857
5207,857000,126674,71,248,858
6234,717300,128550,66.8,601,859
5187,569900,105238,70.9,378,860
4455,629200,76126,74.1,601,861
4530,686900,92843,79.7,370,862
3002,610600,78588,71.6,419,863
2838,628000,111056,79.8,293,864
5950,630300,82778,83.7,677,865
3095,683100,83242,77.9,124,866
2954,601300,97061,78.1,172,867
3415,932200,88147,80.9,189,868
2928,903000,136434,69.7,86,869
2352,845700,168569,50.3,46,870
3458,"1,000,000+",133301,69,213,871
5455,832700,194315,59.9,259,872
4422,"1,000,000+",104467,71.3,287,873
4342,"1,000,000+",197964,65.3,98,874
3758,610800,213573,60.7,134,875
2910,895200,63653,70.1,413,876
3263,660200,64741,71.6,411,877
3724,701200,86357,73.3,268,878
3561,474300,72068,71.6,276,879
3869,497700,57114,74.9,415,880
3822,0,56483,77.3,753,881
3116,421400,74272,79.2,284,882
2894,519400,75107,81.5,357,883
2790,461000,61872,81.4,410,884
4610,575700,63019,80.8,605,885
4090,657100,65079,65.4,596,886
2330,837800,87657,69,264,887
2413,648000,105370,63.5,258,888
2604,746400,69280,77,286,889
4645,855600,94206,68.1,325,890
3636,879800,153988,63.1,230,891
3064,992700,121157,64.7,75,892
4655,831200,105653,65.6,428,893
5917,691300,91837,73,521,894
4449,701000,71135,65,777,895
3804,659800,66411,69.1,775,896
6547,783800,66043,76.5,873,897
3487,928700,96022,66.8,294,898
4184,756200,101875,72.5,286,899
4240,599700,108589,67.8,274,900
2288,581500,72733,75.4,175,901
3683,776400,64571,76,394,902
3159,693300,100448,71.3,254,903
4141,866000,55618,70.7,419,904
2047,"1,000,000+",111651,67.9,155,905
3625,960900,108225,79.5,328,906
3779,970800,111158,79.2,307,907
2774,"1,000,000+",96921,82.5,244,908
2860,"1,000,000+",83352,88.4,288,909
2318,961300,155090,78,232,910
2799,945000,112692,73,259,911
3234,"1,000,000+",107807,79,312,912
3852,939600,145844,84,351,913
4507,"1,000,000+",152119,77.2,347,914
3847,704000,167763,65.4,172,915
1301,635100,92294,72.7,20,916
4225,597600,87537,76.1,185,917
4518,696600,64087,73.3,626,918
4978,706500,111815,60.8,500,919
5933,740900,92294,71.5,218,920
3240,616500,120850,80.2,181,921
5296,675900,54826,64.4,695,922
7393,623400,128983,77.1,581,923
2893,708400,79981,64.9,147,924
5620,489500,116891,66.3,186,925
6013,796000,67492,81.1,710,926
4325,771300,127940,65.3,467,927
5084,968900,120762,50.9,73,928
3726,477500,160157,71.1,256,929
5645,497100,92178,84.4,449,930
4160,851000,82214,69.6,483,931
5526,630400,157690,61.4,184,932
3067,282900,100919,71.3,199,933
2453,500000,66619,77.9,150,934
1578,677200,47059,73.1,228,935
2311,"1,000,000+",83169,68.8,161,936
2998,442000,149491,77.6,160,937
3268,396200,58518,64.9,498,938
2137,411100,41342,57.2,311,939
3573,429400,59239,66.1,336,940
5566,471600,64048,55.9,694,941
3321,494000,54859,62.9,355,942
2357,452200,72104,54.9,77,943
6800,452700,50955,70.6,864,944
6215,469100,69483,68.4,358,945
6185,496200,50154,69.7,1068,946
2850,530900,83324,66.5,127,947
5207,476800,89964,72.2,166,948
4431,505100,57749,72.4,478,949
2361,339300,86947,68.8,123,950
2592,385700,56485,78.5,161,951
4733,369200,79252,69.4,315,952
2623,421000,56062,72.2,282,953
5238,417300,78916,68.7,293,954
2625,389700,79364,63.2,198,955
5254,302800,51306,71,624,956
5076,113800,60032,64.9,375,957
2796,416700,48446,67.2,356,958
4455,384000,45701,65.9,563,959
3777,437100,55125,70.3,559,960
3959,382500,45274,61.8,647,961
4676,254500,56681,67.4,485,962
2972,479200,41868,62.7,507,963
4416,427800,42745,65.3,732,964
3680,377600,33542,63,869,965
4073,346600,40150,60.9,923,966
3294,512200,47048,63.5,500,967
5144,457800,99893,68.6,153,968
2911,436100,35645,62.7,579,969
4084,452900,42177,61.3,734,970
4163,517900,84477,71.1,213,971
3043,555100,89403,60,188,972
2842,439400,80405,67.1,111,973
4291,460300,48320,67.4,714,974
5675,444700,46507,65.4,865,975
4054,452100,47940,65.5,299,976
3893,657200,71211,68.3,436,977
4632,436100,84579,67.1,83,978
5024,353900,42987,60.1,948,979
3668,487900,54453,76.3,510,980
3330,486300,56729,68.3,410,981
4069,522900,72460,71.9,308,982
2217,786300,91586,56.9,65,983
3625,593500,115773,49.3,115,984
4725,670800,91331,63.7,265,985
2654,500000,93591,74.3,136,986
3854,801600,82960,69.7,126,987
5977,667200,146775,60.8,147,988
5887,641500,106045,60.4,228,989
6612,542300,124903,65.3,156,990
5559,639700,84651,69.4,235,991
3138,603200,97244,65.9,164,992
6066,603800,86285,76.4,305,993
9170,864400,76931,59.8,286,994
6381,950000,142830,68,123,995
5381,685700,162815,67.3,83,996
6871,850900,91961,60.9,727,997
6084,763200,153143,63.5,93,998
2071,686000,123147,59.1,146,999
5010,766100,70195,56.4,180,1000
6856,448400,96176,60.3,297,1001
4491,415800,75613,63.2,173,1002
4953,773000,63303,58.1,550,1003
2056,653000,99605,69.3,23,1004
5343,888200,81259,62.9,494,1005
2054,818300,223389,69.6,27,1006
3851,642100,137364,69,67,1007
1682,489600,85282,66.9,38,1008
7341,454700,51403,63,747,1009
6477,577100,41650,58,797,1010
3921,600400,62666,69.9,314,1011
2784,476200,78651,64.5,194,1012
5758,404500,60088,63.4,376,1013
3952,380300,56829,66.6,245,1014
3451,423000,56992,57.5,372,1015
7650,339300,62536,64.2,894,1016
3595,378600,53638,63.2,481,1017
3728,381300,50864,51.9,205,1018
4306,529700,79556,66.3,354,1019
6215,460300,64989,62.9,535,1020
5607,402200,57276,57.6,629,1021
3977,488500,61341,66.5,227,1022
3848,458900,43496,49.2,419,1023
5263,460500,46287,64.5,653,1024
4054,682700,71656,64,340,1025
4826,399000,48085,62.7,599,1026
5737,411500,44360,67.7,852,1027
4614,414800,42431,56.4,807,1028
4395,454200,41962,56.6,823,1029
3910,581400,41643,63.1,446,1030
3547,834600,61346,61,342,1031
5775,692500,135554,62.1,143,1032
5593,704000,77424,64.3,303,1033
4927,704300,84707,68.4,399,1034
2877,626000,111902,63.6,100,1035
3350,510200,76543,65.7,265,1036
3247,477100,69572,81.1,204,1037
6094,753200,66471,68.7,430,1038
2416,409400,93952,68.3,81,1039
2471,430000,48682,59.1,202,1040
7126,471900,62644,62.3,277,1041
5483,528200,60219,65.5,687,1042
5055,568200,89478,66.6,232,1043
6322,604300,85687,70.9,117,1044
3952,559000,90920,71.4,125,1045
3777,572100,89578,69.6,249,1046
3213,605100,90875,69.5,149,1047
3634,714100,90485,60.6,226,1048
2267,618300,91378,68.3,108,1049
5687,518100,81892,74,337,1050
7914,618900,91916,76.2,448,1051
5854,575400,92484,69.5,272,1052
3214,564000,66175,76.2,258,1053
3602,0,55280,70.6,343,1054
0,393600,0,0,0,1055
7788,248200,76141,68,580,1056
3188,359000,51643,74.5,257,1057
6244,369800,75657,64.9,259,1058
6610,723500,46244,65.5,938,1059
6668,967000,138694,66,142,1060
3468,670500,202323,57.4,146,1061
5332,687200,150758,62,79,1062
4674,545500,134556,64.4,135,1063
2971,458400,88840,63,105,1064
6829,607000,79241,61.6,552,1065
4332,574500,102056,66.3,265,1066
3987,715200,117289,65,119,1067
4448,932500,132411,62.3,18,1068
2232,430800,180768,59.8,29,1069
4151,381200,68909,66,572,1070
5003,394300,86125,69.3,258,1071
2905,413400,76424,58.8,316,1072
5055,487800,88175,47.9,135,1073
3992,655300,76110,62.8,179,1074
3083,546600,109388,62.5,64,1075
4036,489600,89167,63.5,228,1076
4820,435200,70901,69.6,254,1077
3216,536000,66941,57.6,181,1078
3233,448700,107509,67.6,22,1079
4751,464100,91467,64.1,294,1080
5547,698500,82625,65.8,256,1081
2447,595300,142773,70.7,14,1082
6058,414100,110926,62.2,187,1083
6343,366500,84790,66,210,1084
5545,402800,87631,52.8,125,1085
5647,245700,71307,61.7,329,1086
5192,450700,80753,57.8,102,1087
5645,329000,73966,65.6,501,1088
2928,448200,70397,49.4,162,1089
3996,442900,83132,54.8,195,1090
3982,288100,56947,64.4,421,1091
5984,563600,67244,57,580,1092
7467,0,97840,63.7,340,1093
4391,624500,71892,43.5,18,1094
5424,445900,102415,58,96,1095
3275,441100,61760,56.1,275,1096
4086,372000,76917,60.1,294,1097
5042,399100,65159,61.3,389,1098
4927,426000,59536,59.5,442,1099
6728,361900,70763,57,505,1100
6138,358900,66995,65.8,551,1101
4599,352300,46005,56.4,850,1102
4183,334900,32571,57.7,701,1103
6393,219700,66551,66.5,568,1104
5086,0,54548,50.2,211,1105
2102,313500,0,38.8,0,1106
3094,302300,88736,57.7,262,1107
4028,84100,57172,68,418,1108
5557,305500,46530,66,651,1109
6708,388400,44589,63.6,786,1110
8285,302900,65316,58,1090,1111
5995,295900,42121,63.1,1107,1112
4488,329600,57420,67.1,494,1113
3538,345700,72874,62.1,218,1114
4203,265900,72019,63.6,271,1115
5276,242600,42863,64,681,1116
3531,319000,45558,61.3,406,1117
4374,293400,52413,65.3,763,1118
6224,350800,59863,66.9,736,1119
4443,281400,55325,56.7,388,1120
3282,295200,63327,67.7,410,1121
7354,0,64815,60.6,609,1122
741,517200,0,13.1,98,1123
2456,675500,84130,73.5,41,1124
4940,567000,106761,54.2,102,1125
2158,435300,98966,64.3,84,1126
5164,490200,82991,62.2,229,1127
7570,498000,102310,66.5,202,1128
4339,469400,100967,61.8,186,1129
6069,526200,101582,68.3,230,1130
4251,620100,85718,69.7,207,1131
5223,583400,104093,63,252,1132
5950,551000,105942,63.8,217,1133
3597,570900,87712,62.5,91,1134
5190,734200,97501,60.7,319,1135
6904,622200,136586,62.6,292,1136
4857,561300,133990,63.8,110,1137
5028,600600,103942,61.6,196,1138
3626,802800,98310,64.6,91,1139
5028,760600,141982,64.6,172,1140
2663,709800,142083,61.2,97,1141
1771,601000,147214,61.9,0,1142
2889,913900,87438,58,290,1143
2243,611700,138239,65.3,143,1144
6336,919700,110333,64.8,180,1145
1714,625400,134469,53,37,1146
6949,526700,93261,65.2,241,1147
3540,477000,95993,59,128,1148
4650,432500,106484,67.7,84,1149
4991,452300,78896,66.7,276,1150
5586,407000,64238,64.1,533,1151
5752,355600,74064,65.4,384,1152
5992,425700,71700,70,492,1153
3387,420700,88555,65.5,170,1154
4670,383100,68493,55.3,239,1155
5056,353300,84187,65.9,272,1156
5550,362700,63134,64.1,314,1157
3829,362000,49212,66.1,607,1158
4031,429800,57475,61.4,562,1159
5839,327700,53706,65.7,558,1160
1842,368800,60712,56.3,86,1161
3758,423600,61492,64.8,293,1162
5079,268200,67447,65.5,255,1163
2737,402600,62158,63,138,1164
3396,328100,80646,68.9,194,1165
5270,395100,46983,72.2,474,1166
1497,360600,73599,65.9,61,1167
5505,311700,60959,64.4,361,1168
6562,390700,59110,64.6,805,1169
3428,367300,63613,68,228,1170
7341,314000,58315,60.1,579,1171
4577,319000,58680,60.8,346,1172
1866,405200,61444,59.8,105,1173
6064,414700,68018,65.4,639,1174
4428,371800,72123,65,302,1175
2367,364200,58723,63.5,219,1176
6152,352100,65161,66.5,517,1177
3380,413200,69205,66.6,286,1178
5153,322400,62156,59.6,372,1179
4973,371200,54601,64.8,409,1180
5276,353800,56583,60.9,474,1181
4992,326500,61649,63.5,300,1182
3059,428100,70373,60.1,284,1183
3602,493800,55879,66.5,282,1184
6405,396300,78974,66.1,259,1185
5233,435400,84425,63.1,308,1186
6481,488200,76219,70,406,1187
5178,415500,83113,68.9,140,1188
3853,419700,76394,72.2,54,1189
5121,371800,64673,63.6,340,1190
5478,411300,67463,68.1,443,1191
3921,420200,95589,72.6,147,1192
5737,389400,77475,67.5,520,1193
3243,453100,67552,60.9,185,1194
5802,440100,71718,70.9,368,1195
5466,779100,63468,60.4,446,1196
5393,545800,109473,58.9,282,1197
1930,472000,92974,63.1,30,1198
1925,493000,87317,59.8,78,1199
2454,464200,96318,62.5,51,1200
6349,463500,85090,74.1,311,1201
5291,482500,87817,63.4,170,1202
4992,476500,68956,59.4,160,1203
3632,454000,65817,59.6,58,1204
6809,439900,67419,63.3,500,1205
4802,428900,88904,65.7,148,1206
4506,412600,51461,54.4,501,1207
3447,391900,79885,68.3,119,1208
5723,421200,68286,64.7,437,1209
3639,418300,73524,61.9,202,1210
5365,379300,62960,70,206,1211
5793,339100,63294,61.1,448,1212
6804,378100,59860,61.4,321,1213
4883,413100,75245,61,88,1214
3582,470500,69931,58,263,1215
2036,387000,75382,64.9,176,1216
4502,388400,67569,59.9,210,1217
3926,378100,69437,63,283,1218
4390,308000,69533,73.8,337,1219
4392,413800,61779,62.3,310,1220
5018,371000,53073,58.1,544,1221
6498,392700,70585,60.1,241,1222
4875,435100,70980,56.8,239,1223
3609,378200,77911,66.3,123,1224
6319,400200,85066,65.3,584,1225
4851,321400,93396,66.4,252,1226
2533,601300,73976,78.5,68,1227
4833,429900,106341,67.5,105,1228
3769,456700,77387,70.4,218,1229
5638,457000,72604,63.1,438,1230
2546,447900,104630,63.4,90,1231
4483,395600,83780,72.4,192,1232
3531,410100,73704,61.6,249,1233
4341,166700,74137,66.4,346,1234
6145,435200,56348,57.5,583,1235
3994,402800,54742,53.3,221,1236
3671,359000,57845,58.4,323,1237
5087,478400,67306,63.8,259,1238
2067,359400,75634,62.4,151,1239
6271,452500,66793,58.5,502,1240
4921,371600,72881,55.3,327,1241
5008,520400,74146,62.5,550,1242
3750,476100,83068,61.4,185,1243
4198,429500,86863,68.3,93,1244
4968,481200,82947,62.8,230,1245
5425,366700,93483,57.9,190,1246
3278,602300,65042,58.4,174,1247
6321,479000,101603,58.1,137,1248
5164,614800,102381,66.7,276,1249
2922,393700,123504,61,81,1250
3128,555900,77629,61.4,71,1251
3518,591900,97420,60.3,141,1252
4074,697000,116328,57,74,1253
4763,658300,95124,60.2,479,1254
2889,536800,118214,59.7,125,1255
5320,572000,91190,61.5,272,1256
2949,421100,104687,58.7,105,1257
2706,412600,70036,56.7,161,1258
5355,785100,75353,66.9,509,1259
6873,441800,139714,53.7,237,1260
3205,456100,63292,51.2,163,1261
5449,681300,77423,62.7,246,1262
1936,497100,134771,59.2,30,1263
4534,433700,89247,58.7,182,1264
2875,0,71626,60.7,114,1265
5194,284300,43925,70,416,1266
3755,406300,37389,51.2,906,1267
6893,573200,69788,59.1,492,1268
4598,368700,104083,67.3,60,1269
4999,355300,56387,55,399,1270
5009,"1,000,000+",63231,64.7,304,1271
1171,676400,159112,42.5,57,1272
4460,624900,142996,65.4,129,1273
6048,887000,112197,71.3,182,1274
4808,803500,139681,60.6,185,1275
4481,798700,147423,65.5,161,1276
6502,980800,100238,67.2,446,1277
4666,915000,218931,61.7,116,1278
5258,644500,126490,66.7,216,1279
3232,518800,94097,56.2,247,1280
4096,484100,71488,66.4,254,1281
5393,498900,73489,68.1,454,1282
6683,841900,76768,68.7,544,1283
4366,774600,111623,57.1,269,1284
5193,469000,112498,56.9,276,1285
4126,487600,64897,74.8,338,1286
4509,495100,80336,72.4,216,1287
6919,528500,71909,77.2,789,1288
3156,489100,74666,66.8,204,1289
7061,387300,64921,66.4,417,1290
5833,598300,63003,61.6,616,1291
2749,482900,108610,71.2,35,1292
3798,459700,79550,64.4,109,1293
4219,476500,61567,53.3,634,1294
4418,819600,72299,63,198,1295
3876,898500,116319,61.5,147,1296
6298,600100,117399,52.5,286,1297
5962,605300,80900,57.7,491,1298
4100,613500,77643,55.4,312,1299
7634,546200,89594,56.2,292,1300
4379,586400,90206,66.7,228,1301
5490,475600,86188,58.3,232,1302
4436,454600,59647,53.6,372,1303
4340,428900,63188,59.3,253,1304
4046,439100,66118,68.1,131,1305
4205,392900,47444,62.3,650,1306
6525,417600,47166,56.2,1050,1307
8320,489800,66410,62.7,599,1308
6688,420500,56582,60.3,815,1309
4412,399400,65687,61,327,1310
5285,341800,57671,63.7,509,1311
3081,374000,39961,52.8,212,1312
5530,456500,44223,59.6,894,1313
4870,498400,62812,60.2,593,1314
3605,446700,73396,58.6,198,1315
2648,443500,71625,55.7,242,1316
4673,362600,43399,63.5,775,1317
5917,355600,51640,63.6,582,1318
1884,348400,43949,61.6,254,1319
4638,356000,44547,56.1,537,1320
4922,343800,46578,61.3,1013,1321
3592,377400,59401,61.2,491,1322
3119,371600,74618,60.4,358,1323
2798,408700,57843,66,262,1324
4597,360000,39941,51,647,1325
4702,77200,45793,63.3,981,1326
2017,416300,35893,61.9,267,1327
3416,404200,61454,63.1,253,1328
4719,447200,47972,58.9,592,1329
4683,441700,61946,54.3,373,1330
2446,380100,51485,54.7,402,1331
3770,408600,56158,55,183,1332
5682,379100,49830,58.5,832,1333
2788,364400,66648,57.6,180,1334
5484,372300,45061,65.4,783,1335
3442,297400,49189,63.9,319,1336
4717,457600,52006,59,560,1337
4770,403300,60332,58.6,616,1338
2822,767400,70027,55.7,149,1339
4609,752700,139453,65.1,168,1340
6085,629700,163150,62.3,385,1341
5233,628700,102991,65.4,139,1342
4552,493100,125350,65.9,205,1343
4672,661200,87792,68.3,563,1344
1142,"1,000,000+",93633,62.9,115,1345
5740,"1,000,000+",225416,58.7,62,1346
4208,"1,000,000+",239476,63.4,82,1347
4513,"1,000,000+",219545,59.5,0,1348
5137,"1,000,000+",274995,54.9,59,1349
3177,514800,244745,68.2,34,1350
6579,462600,64779,65.9,536,1351
6506,611400,70042,64.2,444,1352
5617,788200,92399,70.9,468,1353
4716,657400,151685,67.4,240,1354
6866,694000,122869,64.5,318,1355
3352,475500,87990,64.1,242,1356
3934,441300,84564,70.9,392,1357
7147,489900,53023,54.3,964,1358
5391,696200,73597,66.8,468,1359
1564,490700,145523,60.2,130,1360
4821,496400,59345,72.9,500,1361
1336,494100,72963,67.3,175,1362
4295,582400,58718,70.9,581,1363
4115,615900,59636,67.2,235,1364
5142,375000,68812,70.7,449,1365
3828,601900,41811,54.7,515,1366
2911,476300,72427,63,587,1367
5075,443800,50745,61.8,669,1368
2487,643400,79809,74.9,323,1369
4415,650100,101149,68.7,352,1370
5911,838500,116006,69,313,1371
2342,540600,133311,57,105,1372
5227,647100,75439,70.1,254,1373
2727,634600,74733,71.7,289,1374
3863,733200,108321,66.4,251,1375
2334,555100,125302,66.2,60,1376
2262,700000,86131,69.9,180,1377
3793,795500,172449,64.5,347,1378
3524,750000,97598,63.4,187,1379
2147,814600,133902,72.3,64,1380
5295,456500,122486,74.4,297,1381
5958,456600,94442,59.9,588,1382
5965,535400,87565,76.9,446,1383
5620,944000,78090,69.9,695,1384
2636,871500,157281,65.7,228,1385
3741,842600,198908,68.7,54,1386
3498,869300,152398,62.8,94,1387
5917,"1,000,000+",171581,77,179,1388
7205,"1,000,000+",274654,54.6,172,1389
6000,685600,164488,55.5,274,1390
3452,573900,133293,65.6,56,1391
5479,616200,94293,63.3,314,1392
5060,611800,76918,65.6,304,1393
4359,620000,83120,64.3,150,1394
4584,676800,103952,64.3,204,1395
4157,696500,123577,64.9,17,1396
2649,575000,122938,64.8,16,1397
4447,443300,77187,66.7,392,1398
4253,369400,55998,64.2,488,1399
4238,573200,53834,64.6,607,1400
5554,974000,85939,65.2,275,1401
5424,787900,146321,73.4,107,1402
7578,828700,94942,75.5,573,1403
4755,804900,128941,62.9,131,1404
3205,674100,126507,77.4,100,1405
4785,477600,97056,72.6,270,1406
3164,552400,75405,60.8,168,1407
3545,449300,92835,68,129,1408
5660,533400,66557,69.1,492,1409
4350,371000,58598,61.5,380,1410
3808,518700,48182,65.5,592,1411
2904,421900,79258,63,273,1412
4169,481700,60709,55.7,344,1413
5674,468200,72761,65.8,533,1414
4086,422700,56044,60.3,354,1415
3536,524100,63651,63.1,400,1416
4903,569100,72621,58.7,303,1417
3640,524600,70073,65.8,172,1418
5254,525300,63739,68.6,426,1419
3429,550400,67046,61.9,264,1420
6132,490600,66019,60.1,689,1421
7204,488300,62758,59.7,915,1422
4252,575300,68887,53.2,289,1423
3874,434700,67694,68.3,401,1424
3907,485300,64766,67.3,360,1425
3234,521100,67242,64.6,328,1426
4675,471200,60964,67.7,637,1427
4465,537900,51212,56.1,723,1428
4825,486900,51104,59.6,727,1429
2686,397600,59839,57.4,383,1430
2661,572800,46892,50.7,529,1431
2718,592100,87465,55,136,1432
5721,449800,86201,62.9,252,1433
3652,560200,69658,63.4,207,1434
2757,571200,111558,52.2,183,1435
6896,521300,94649,58.2,471,1436
4983,518800,71646,61.6,381,1437
3010,512000,92169,55.6,133,1438
3992,425900,79470,59.7,410,1439
4964,471600,76175,64.7,420,1440
5359,483100,62846,65.6,682,1441
6165,552900,52962,60,694,1442
3518,462200,48006,65.5,435,1443
3876,414800,103034,61.4,377,1444
7186,541700,61437,60.4,467,1445
2848,496200,44767,55.7,496,1446
4514,428400,53013,55.7,812,1447
5555,374700,76566,56.1,412,1448
4371,524200,77790,60.4,220,1449
6753,486000,85813,58.2,340,1450
4525,456200,68860,60.3,157,1451
2387,470600,70507,53,135,1452
4234,927300,84682,54.6,246,1453
3365,678600,136025,58.9,65,1454
6098,951200,136450,55.9,103,1455
5030,634800,166573,53.8,124,1456
3251,354500,126577,66.9,197,1457
4093,421300,53536,68.4,387,1458
4404,418100,75752,55,334,1459
4948,198400,77384,60.4,318,1460
3019,404200,51406,55.3,74,1461
6064,444600,60587,59.1,696,1462
6685,421300,75650,58.8,406,1463
5363,410800,64030,61.4,363,1464
5631,465300,59706,60.8,660,1465
2655,411500,68749,64.1,93,1466
4961,461200,81004,71.6,220,1467
5095,456100,81144,65.9,230,1468
7480,425500,82662,68.3,341,1469
4082,535600,59030,68,437,1470
2227,783300,120535,65.2,98,1471
4924,438000,68935,73.4,386,1472
3650,687200,46508,57.6,493,1473
7510,619300,119134,58.3,289,1474
3886,552900,88530,58.1,369,1475
3545,382700,75025,70.9,221,1476
4707,392000,42681,62.8,689,1477
2037,413100,52959,59.9,265,1478
4116,415800,86031,69.3,166,1479
2966,428400,64201,74.3,290,1480
3994,429800,66455,67.6,280,1481
4465,369300,80870,64,119,1482
5421,433000,64728,62.7,202,1483
6297,402400,66608,59.8,320,1484
6485,297500,74722,62.4,398,1485
2431,411200,48692,54,398,1486
4683,426400,65759,66.1,125,1487
3710,361600,79909,64,224,1488
3893,433200,58199,61.2,391,1489
7641,448600,78367,66.1,232,1490
4859,391500,64610,61.3,153,1491
6398,453000,66872,54.9,231,1492
6693,32900,90720,68.3,156,1493
2222,427500,40263,41.6,141,1494
5210,403100,79982,64,129,1495
4247,330100,58018,56.3,574,1496
5942,405500,51399,63,746,1497
5215,358300,79324,70.4,257,1498
2790,369200,75053,67.7,245,1499
3977,373200,70572,56.5,195,1500
3753,484100,62898,62.2,186,1501
4201,425800,85307,55.3,122,1502
4715,429800,69842,59.2,292,1503
3220,439200,96520,66.7,78,1504
6616,478400,72315,66.7,365,1505
6512,476100,89116,67,234,1506
4568,429200,86448,61.2,153,1507
6582,457900,76755,67.1,526,1508
4149,469500,68249,61.9,253,1509
4144,608200,90551,62.8,89,1510
3632,534400,119150,63.2,201,1511
5274,496600,72039,65.3,200,1512
5254,533800,95073,65.3,144,1513
7513,515400,101496,57.1,164,1514
4344,507100,92574,60.8,253,1515
5039,491100,96601,64.2,249,1516
3073,494200,113686,60.7,84,1517
4535,533000,96074,62.1,138,1518
5420,489700,91923,55.5,117,1519
5429,429000,79957,58.3,256,1520
5625,0,71709,63.5,238,1521
0,599400,0,0,0,1522
2962,490900,93743,45.9,58,1523
4079,591700,84140,66.3,330,1524
4757,502900,89305,52.3,204,1525
3782,405100,71396,61.4,92,1526
5749,441300,51382,55.5,538,1527
4746,437600,50206,48.3,352,1528
4153,435200,67407,56.5,158,1529
3190,472400,62082,70.9,227,1530
3839,427700,61904,61.1,246,1531
2476,421900,62354,62.9,203,1532
7021,431100,50534,63.5,769,1533
4009,338600,47910,55.4,616,1534
4694,429500,46295,56,494,1535
3920,426700,57366,58.6,436,1536
1457,351100,41823,57.6,143,1537
2110,354300,57361,61.7,295,1538
5943,434000,41493,56.3,859,1539
3344,375600,53842,61.3,407,1540
4089,289700,52504,67,486,1541
4690,285200,38596,55.7,656,1542
5151,366500,51955,66.6,624,1543
4547,353300,45841,60.8,529,1544
2916,322700,43278,65.1,370,1545
5344,376600,43274,60.7,808,1546
3983,363700,42789,60.6,552,1547
5729,332200,43591,61.9,1057,1548
7029,322800,42411,61.4,1182,1549
3756,301200,45677,63.9,483,1550
3526,386900,37775,62.3,560,1551
4678,340000,41013,59,670,1552
4994,344200,40725,60.7,668,1553
3813,384800,50289,56.2,497,1554
3768,422600,43755,61.9,670,1555
5494,440100,52030,68.8,687,1556
4799,419100,51450,69.7,547,1557
4668,395300,48435,58.1,477,1558
7055,337700,46602,65.1,750,1559
3864,357500,50802,67.1,394,1560
3400,350000,53155,50.2,278,1561
3109,360100,45228,67,354,1562
6511,411500,49164,58.4,738,1563
3498,429900,72486,64.8,190,1564
6645,354100,52323,62.4,748,1565
4598,416000,49685,56.6,401,1566
4455,387900,65725,62.3,325,1567
4682,325000,55245,52.6,981,1568
60,339000,45948,65.5,12,1569
3843,555100,52652,69.2,453,1570
3442,312500,39452,68.7,596,1571
3003,356800,46550,67,274,1572
4305,546900,37635,62.5,427,1573
4525,474000,45818,64.7,638,1574
2742,414000,43111,64.8,363,1575
4152,373000,42722,58.3,773,1576
6471,404300,38030,60.4,1184,1577
3879,379400,41058,58.4,448,1578
2909,536900,54289,60.2,404,1579
3306,334200,34977,66.9,620,1580
4621,569300,32748,61,1025,1581
2579,448400,38511,57.3,457,1582
1935,519700,43508,64.2,333,1583
3668,289300,44374,74.3,522,1584
2584,370600,44109,68,312,1585
2444,393200,57529,66.5,250,1586
1577,296200,49665,71,199,1587
3616,389400,44608,66.6,534,1588
4985,409900,52251,64.7,764,1589
4204,405900,44638,64.7,423,1590
3052,462500,47569,66,309,1591
3204,438100,41481,64.4,555,1592
2348,424200,55063,64.5,130,1593
2002,359500,49988,66.1,261,1594
4602,411200,39944,63.3,861,1595
5415,347200,47722,63.4,706,1596
6587,335600,42719,61.5,805,1597
3914,390600,46247,65.4,536,1598
3600,270800,44859,69,477,1599
4183,373700,48345,66.3,529,1600
6133,326600,44093,61.1,713,1601
4115,309100,40289,64.4,340,1602
3995,95900,47928,63.8,524,1603
4018,369100,41282,58.7,626,1604
5902,336800,49738,65.6,770,1605
3958,453100,47652,64.5,368,1606
5556,347000,42239,64.3,797,1607
4720,414900,65147,67,477,1608
2153,450500,48839,70.5,187,1609
6506,451600,41971,65.7,955,1610
4246,333300,38224,58.4,543,1611
6139,258800,46310,61.1,751,1612
3282,236100,39914,56.9,388,1613
4497,426200,41303,64.6,759,1614
4149,413500,49571,61.5,633,1615
2983,182700,45510,61,338,1616
3403,36700,42134,71.2,476,1617
4068,434600,46073,67.9,475,1618
4831,425800,44466,59.3,723,1619
4839,359700,55892,75.1,364,1620
4248,379500,49027,66.1,487,1621
4768,432600,65679,59.8,365,1622
2806,381000,58585,65.8,200,1623
4565,400700,43986,60.6,572,1624
4059,341500,43619,56.9,520,1625
6575,292600,45890,60.9,897,1626
4703,287500,43958,62.3,690,1627
3040,283600,46105,57.7,531,1628
7352,363100,49797,63.5,825,1629
4273,321800,45987,61.4,607,1630
5825,326500,45090,63.2,775,1631
6221,325200,45231,61.4,878,1632
3720,328000,42665,58.7,612,1633
3836,284200,43245,68.6,454,1634
5021,220800,55953,59.8,404,1635
2417,467400,43093,58.5,375,1636
3446,351600,46373,73,501,1637
4369,292900,43679,58.1,631,1638
4306,426100,42814,63,549,1639
1915,375000,43672,58.2,361,1640
4343,420000,55204,62.7,240,1641
6561,379500,54024,66,837,1642
4513,343700,44689,66.7,588,1643
7205,444300,50119,59.8,782,1644
4135,391600,43309,56.9,611,1645
4952,356500,51163,64.5,608,1646
5448,407600,63084,68.4,291,1647
7739,422600,72497,64.2,299,1648
4179,368600,50136,69.7,319,1649
3172,358600,70883,56.7,261,1650
5794,468800,53606,63,458,1651
4187,361200,51183,62,414,1652
7462,421100,61758,62.9,683,1653
6930,390700,52461,64.1,769,1654
6525,407700,59294,59.1,425,1655
6789,470000,60041,66.8,423,1656
2020,480700,36566,63.6,461,1657
7040,434800,36181,53.1,1108,1658
5661,378800,43810,65,563,1659
5177,377000,50280,60.9,570,1660
2462,321700,42912,58.3,440,1661
8172,381600,49434,36.4,996,1662
6629,367000,42475,64.9,816,1663
3589,330200,37340,60.4,598,1664
3078,320400,50408,65,361,1665
5667,368100,56714,62.1,345,1666
4290,344500,51671,52.3,440,1667
4897,423400,51852,58.4,573,1668
1097,195800,47537,52.2,134,1669
3037,279700,68511,55.9,108,1670
3079,331900,53521,64.4,263,1671
5831,357400,64685,58.5,493,1672
5902,256100,51105,60.6,644,1673
7296,323300,38820,59.4,1379,1674
5590,295700,50842,66.5,742,1675
3205,329300,40575,52,725,1676
6346,333800,39443,59.1,1346,1677
5594,284300,46183,63.9,586,1678
2535,409000,46530,59.6,322,1679
5871,422600,55040,60.7,522,1680
4775,401700,63590,60.9,544,1681
5162,313800,57300,61.4,542,1682
5305,335100,54891,60,766,1683
3642,308900,51157,63.8,460,1684
3363,339300,56450,65.5,344,1685
5032,319300,49845,63.8,829,1686
3227,290100,41981,65.9,360,1687
7220,345800,60269,62.6,809,1688
4570,331100,62125,59.3,526,1689
3384,308000,63461,56.2,163,1690
4509,291400,59978,62.8,619,1691
3974,292600,40030,64.9,594,1692
2954,335300,42080,62.3,386,1693
6021,330900,49482,60.1,832,1694
5630,321300,51549,63.3,810,1695
3416,299100,60923,60.8,136,1696
2941,364100,46662,59.1,372,1697
4426,360300,55501,66.1,211,1698
6910,373100,61836,62.1,687,1699
4021,303200,54051,60.7,415,1700
4707,540000,47383,63.5,674,1701
6360,98900,96365,68.9,259,1702
2902,417300,61361,65.1,248,1703
6831,406600,80588,62.5,403,1704
5254,523500,95483,65.8,191,1705
6758,407200,89373,59.4,319,1706
4206,391800,84828,64,253,1707
6841,434700,73594,63.2,556,1708
3959,423900,80325,70.9,214,1709
5287,369800,77417,60.7,298,1710
4207,428500,84024,69.7,111,1711
7701,531700,80542,65,436,1712
3634,517700,81981,55.2,73,1713
5946,382700,92503,64.8,448,1714
3010,379800,85337,65.7,90,1715
7094,411700,74831,70.2,341,1716
3623,303900,89500,70.8,114,1717
5419,427800,82819,67.9,354,1718
7093,430500,71798,63.7,243,1719
3770,361900,76681,66.2,243,1720
4611,376700,77116,68.7,369,1721
4300,435600,55162,60.6,319,1722
2738,256900,95476,69.1,29,1723
1032,394000,87398,28.7,171,1724
7808,359400,75877,66.3,330,1725
2840,371300,69798,71.7,162,1726
5753,435000,74234,59.6,218,1727
7148,420100,74149,66.2,270,1728
1672,622500,86605,64.6,36,1729
7608,476200,102793,67.8,294,1730
5533,631400,71863,66.4,274,1731
4359,542200,99267,58.8,154,1732
7176,679100,90848,67.1,189,1733
7090,575400,83501,61.9,218,1734
3833,455300,57508,61.1,323,1735
5876,628000,67063,75,284,1736
7124,380600,99116,68.9,388,1737
4104,593400,64824,68.1,513,1738
5119,448300,48249,74.1,605,1739
3754,488700,78354,67.6,65,1740
6909,372500,71810,68.1,299,1741
5523,498300,55438,68.7,447,1742
5207,496700,63982,65.3,575,1743
4316,487000,76868,66.3,111,1744
5043,485600,72781,66.4,213,1745
4319,0,68942,56.5,412,1746
91,449200,0,0,0,1747
6429,476800,67203,62.1,493,1748
7549,385200,72068,72.1,363,1749
5708,382600,73096,63,261,1750
3959,359900,87167,66.1,177,1751
3841,394600,68939,65.9,384,1752
6387,352800,58782,56.3,245,1753
6091,373500,50861,68.2,701,1754
4864,460800,92598,62.4,142,1755
3478,436300,65353,61.5,263,1756
2713,365500,62418,63.1,134,1757
5551,437600,65726,63.2,311,1758
4314,405200,78095,63.7,447,1759
6924,398900,71964,65.2,454,1760
6229,408900,66975,63.6,583,1761
7213,440200,67562,62.2,630,1762
5067,396600,80285,70.6,206,1763
7068,464300,74737,64.4,542,1764
7146,343300,83379,60,334,1765
3365,376100,73236,57.7,309,1766
3700,288300,61446,65.3,230,1767
4001,411000,51620,74.4,428,1768
3012,357600,55262,60,271,1769
6107,322700,59214,60.9,543,1770
4995,358100,57783,66.3,307,1771
4562,240700,52473,66.8,415,1772
3950,333200,53370,64.9,492,1773
4605,304100,49548,65.7,505,1774
4290,120000,49673,60.6,412,1775
6360,392400,46453,58.9,1020,1776
6800,286300,58930,61.3,575,1777
5786,449800,51739,69.7,769,1778
4164,433900,74355,65.7,244,1779
5406,435300,59112,62,511,1780
3976,450000,52977,66.3,439,1781
1646,357500,91516,71.4,19,1782
2279,352300,48741,59.6,125,1783
4438,449100,43244,71.3,526,1784
3639,476900,81252,66,211,1785
3705,463800,56877,66.4,307,1786
4257,427600,38172,48.5,552,1787
3784,58800,67274,68.4,321,1788
3919,256500,54070,71.9,391,1789
5812,352800,54350,66.6,750,1790
4367,445900,58740,57.4,461,1791
3164,460800,70479,61.4,272,1792
4854,647200,72242,64.6,284,1793
4084,656500,120672,60.7,27,1794
5931,588100,119344,56.5,84,1795
2849,559900,102685,61.4,36,1796
4513,587500,88062,54.8,182,1797
3651,660100,112768,58.3,146,1798
3782,660700,116134,65.6,194,1799
4821,622200,106440,67.8,195,1800
5350,755600,104808,64.6,283,1801
3410,618900,112805,51,84,1802
5703,617000,96086,58.9,92,1803
5251,407500,113598,64.2,109,1804
4320,385000,64804,62.6,432,1805
5072,433100,76373,59.6,367,1806
3363,480900,71371,73.3,235,1807
6451,493200,75820,60.9,294,1808
6791,422700,71731,61.4,727,1809
5454,457300,79638,62,436,1810
3346,350400,71533,68.2,321,1811
7160,529800,60803,65.5,836,1812
4717,426900,85182,69.6,230,1813
4158,617300,72630,67.1,170,1814
3339,378200,117001,58.7,98,1815
5485,322600,56336,58.3,646,1816
5096,488000,48450,62.2,617,1817
4122,555200,94087,70.1,49,1818
2885,493300,103427,69.7,97,1819
4803,509000,87078,67.9,253,1820
2944,314900,93332,63.3,361,1821
6455,422500,58872,65.9,727,1822
3851,431500,49222,70.2,422,1823
3800,316000,58631,64.6,398,1824
6885,272400,48892,74.7,985,1825
4260,192600,50507,64.9,778,1826
5198,350000,50950,61.2,842,1827
3326,303700,65274,63.3,280,1828
4722,366900,54680,61.1,540,1829
3224,406700,72067,67,296,1830
8239,414400,74871,65.9,584,1831
6670,369200,64071,67.1,576,1832
5207,393500,56156,68.2,588,1833
6658,80400,62734,64.4,721,1834
4451,515500,35924,65.2,776,1835
6436,476600,74694,72.7,279,1836
2342,485600,83178,62.4,94,1837
5962,507100,82602,68.8,149,1838
5549,501900,96160,66.1,99,1839
3894,538400,92180,70.3,129,1840
5766,528800,91692,67.3,208,1841
4572,544100,99707,69.8,176,1842
3750,643800,87029,66.3,88,1843
8023,600300,100310,72.1,236,1844
3830,495500,96865,61.8,94,1845
4573,422200,83524,66.4,113,1846
4618,519600,71102,66.2,239,1847
3510,479100,89777,71,202,1848
4877,0,74055,65.3,240,1849
1968,401800,17980,51.6,516,1850
6568,404800,62920,70.1,745,1851
3209,357300,40757,48.3,288,1852
4057,866600,55297,63.7,313,1853
3232,682000,154178,65,121,1854
5876,616100,104646,73.7,254,1855
5364,523100,91473,73.6,228,1856
4518,413000,76923,58.6,116,1857
1048,495500,101466,64.5,23,1858
6873,512300,82640,64.3,122,1859
3741,424400,94051,64.5,124,1860
3640,425300,56184,62.7,350,1861
3854,462200,74845,68.8,225,1862
1049,103400,73916,48.7,66,1863
3105,387400,31018,54.1,650,1864
5280,382100,72428,66.5,342,1865
5648,0,66187,62.7,326,1866
1072,373400,21539,47,262,1867
5427,347100,53794,62.1,621,1868
3998,415900,36658,64.4,770,1869
1863,395100,60872,69.4,420,1870
5092,520600,40231,57.1,940,1871
7451,411200,62009,73,590,1872
5153,376600,46124,61.3,806,1873
6351,414800,47093,60.3,943,1874
4390,535900,41348,55.5,943,1875
1435,430100,62680,68.9,91,1876
6395,521800,75039,69.6,439,1877
3430,546900,118145,75,214,1878
6610,551400,111169,65.7,110,1879
4827,538500,118352,71.8,72,1880
4529,675800,101704,66.4,157,1881
2363,631200,144046,66.5,21,1882
5465,555000,116261,68,91,1883
5354,575000,94939,68.9,177,1884
3106,571500,94213,68,49,1885
2175,603300,75217,57.8,96,1886
5765,592500,101047,64.6,251,1887
5412,591300,115958,68.3,87,1888
6054,0,98310,60.6,319,1889
2235,640700,0,38,0,1890
1287,0,123136,57.3,0,1891
176,851100,0,1.7,0,1892
2975,630700,143597,70.6,188,1893
4058,476500,107206,71.6,202,1894
4876,464700,62693,64.4,916,1895
3961,523000,72857,73.1,472,1896
4863,335900,77813,68.3,382,1897
4639,376100,43090,66.4,753,1898
4432,370800,39705,60.3,897,1899
5103,328800,45716,68,784,1900
5112,408300,46376,63,771,1901
4909,399400,45876,71,759,1902
5220,377300,43777,67.5,579,1903
5360,362500,40871,63.5,1237,1904
3849,0,39943,63,769,1905
40,355900,0,69.4,0,1906
2443,358000,37259,57.8,467,1907
4945,267100,37513,61.1,999,1908
2735,282200,35589,60.1,389,1909
3137,307300,54163,71.8,605,1910
4888,381300,45234,67,1086,1911
5531,273600,98580,75.1,617,1912
5902,328800,48691,67.1,1241,1913
4444,368600,57700,72.8,728,1914
4308,455000,40905,66.5,765,1915
5066,378400,38581,60.7,972,1916
4424,359600,38253,60.4,862,1917
5342,325000,43839,62.8,1008,1918
3030,345700,47898,66.5,488,1919
5018,284600,54264,76.3,674,1920
4219,496700,43755,69.8,816,1921
4513,444600,66218,84.4,664,1922
3891,550800,68017,76.7,365,1923
4424,376700,101212,72.6,190,1924
3725,587000,49091,65.2,559,1925
3880,409200,83727,79,334,1926
6224,316200,43753,62.3,1088,1927
4227,558500,43571,67.1,615,1928
2762,483000,51980,71.3,515,1929
6657,733400,62206,78.3,924,1930
6961,723100,82442,81.1,387,1931
5225,832500,85427,80,398,1932
5023,896500,77440,77.8,352,1933
2760,"1,000,000+",115999,76.6,149,1934
3630,"1,000,000+",152631,60.5,270,1935
1173,643300,204043,65.7,47,1936
3259,871200,119656,65.8,259,1937
8188,546400,124665,65.3,749,1938
1290,843000,115686,72.4,67,1939
3563,0,80988,77.7,239,1940
488,331900,100036,83.9,42,1941
6890,348900,34697,54.2,1377,1942
4652,349000,49653,63.6,590,1943
6694,415400,34839,54.1,1077,1944
3065,453100,61292,61.4,399,1945
3539,429300,37243,51.1,772,1946
2681,435600,32945,64.4,466,1947
3953,462000,59985,62,293,1948
2780,441700,72293,63.4,280,1949
2231,498400,73305,55.9,108,1950
2470,473800,80352,60.6,103,1951
2483,472900,35397,60,588,1952
4161,409600,88137,67.3,345,1953
1769,536600,81737,61.9,23,1954
3234,476200,72745,59.2,239,1955
3010,476600,84253,63.6,184,1956
2640,360700,81465,64.4,196,1957
7186,449500,48261,72.6,896,1958
3415,399000,60922,67.8,447,1959
5425,518400,53208,67.3,557,1960
1927,346000,41751,50.9,184,1961
5600,481600,51008,70.5,773,1962
6482,372500,39288,66.7,1180,1963
3965,374100,54089,69.4,451,1964
3038,368900,41945,61.8,461,1965
6786,479400,46193,68.2,900,1966
1868,343400,90225,69.5,111,1967
7134,327200,60906,72.7,603,1968
5130,326700,49526,70.4,608,1969
4801,414200,53474,67.1,579,1970
4682,424400,59376,67.1,367,1971
4181,433100,39270,62,747,1972
4084,401800,51494,62.5,693,1973
4630,438800,44392,59,761,1974
5534,365400,39839,61.5,1172,1975
3954,427500,44112,63.9,731,1976
4269,403800,54981,71.1,594,1977
5269,474400,44640,65.1,900,1978
2965,410700,61085,71.3,367,1979
5146,377700,48623,65.6,776,1980
4176,445700,54197,67.8,476,1981
6769,393000,44110,68.1,658,1982
5900,321200,48899,66.2,737,1983
4295,512200,46707,69.1,569,1984
5591,583100,57452,71.1,268,1985
7599,486400,73043,66.3,560,1986
5905,645900,96151,70.1,212,1987
3577,538100,131410,68.2,86,1988
6725,567100,67965,61.4,477,1989
5466,568300,54676,70.3,491,1990
6159,458900,58585,69.6,481,1991
4190,348800,49511,74.9,438,1992
4258,358500,44191,70.3,648,1993
4286,351400,48092,69.3,376,1994
4147,418400,46775,70.1,779,1995
6928,444400,48976,70,716,1996
3930,462100,53770,64.7,680,1997
8708,444300,66096,59,602,1998
3420,381100,74604,63.9,294,1999
3914,442800,45809,60.7,732,2000
4005,332800,56044,59.7,361,2001
4071,368800,49873,64,361,2002
6990,339100,55089,69.4,699,2003
1599,341700,55382,69,131,2004
5295,456300,46749,71.7,806,2005
1977,420000,55291,65.8,131,2006
4494,389300,68755,60.8,626,2007
3908,443400,54154,62.4,355,2008
3252,532500,67582,60.5,129,2009
3539,334200,57277,62.1,194,2010
4075,426800,60446,64.6,165,2011
3894,450000,62941,63.6,279,2012
3247,428700,80502,64.1,102,2013
4177,478000,103717,67.6,209,2014
5047,502400,83723,64.3,385,2015
2666,353500,85380,66.9,73,2016
6600,435200,45214,69.2,868,2017
4572,474500,62638,76.3,486,2018
4221,402200,58602,66.5,437,2019
7541,415100,56477,66.6,537,2020
4565,551600,45564,59.8,725,2021
4693,456100,66475,74.2,354,2022
7358,448500,55676,67.2,619,2023
2080,886700,73191,63.9,27,2024
3857,747300,114277,68.7,124,2025
3619,734000,98726,71.8,149,2026
5462,870300,101274,69.7,170,2027
3822,"1,000,000+",109286,77.9,49,2028
1405,"1,000,000+",144215,82.5,132,2029
5097,"1,000,000+",277976,64.8,47,2030
4573,"1,000,000+",242926,68.8,78,2031
5722,"1,000,000+",166618,75.9,163,2032
5363,783100,146732,68.1,120,2033
5984,626400,152499,73.7,110,2034
3964,788700,106923,73.6,160,2035
4443,672100,120689,73.6,268,2036
6091,669800,111192,81.7,388,2037
5455,769100,123262,74.3,170,2038
6765,782500,131203,76.7,151,2039
6516,"1,000,000+",129975,69.9,244,2040
8154,"1,000,000+",191791,66.6,158,2041
2699,"1,000,000+",280309,58.1,19,2042
2311,929300,199925,61,46,2043
4564,"1,000,000+",151288,70.9,88,2044
1057,"1,000,000+",175948,72.2,6,2045
4669,906200,142015,73,211,2046
3197,"1,000,000+",148000,78.1,108,2047
6118,889200,130072,83.3,143,2048
6465,574200,148792,74.1,151,2049
2697,815300,79839,69.5,84,2050
6987,738100,122965,70.6,278,2051
3959,"1,000,000+",129616,76.9,182,2052
3252,947300,114400,80.1,99,2053
4516,599700,125281,69.8,137,2054
5756,607200,80028,63.9,128,2055
2760,566000,72614,72.9,234,2056
4064,567900,75239,71.3,334,2057
5634,568300,86365,58.2,126,2058
2292,576500,93910,72.7,74,2059
5981,572500,96174,71.1,197,2060
6506,662700,72813,68.9,190,2061
4624,674500,113848,67.1,83,2062
3225,746700,110609,70.6,192,2063
4543,578000,112602,65.7,89,2064
8213,786800,77128,62.3,624,2065
4157,535300,94191,57.3,422,2066
5632,761000,60514,72.9,386,2067
3055,695800,85276,63.6,59,2068
2333,693600,108319,57.1,41,2069
4791,560100,112669,61.5,48,2070
6845,579500,96198,62.4,276,2071
5801,575700,72478,72,373,2072
6891,628800,82387,71.6,275,2073
5810,699200,87249,64.2,301,2074
4629,817900,100207,60.2,125,2075
5295,581700,104143,57.5,77,2076
3849,749000,68691,59.9,142,2077
4871,770300,129170,68.6,43,2078
3075,674700,74100,61.9,159,2079
6392,996100,104108,71.4,240,2080
6089,884700,132135,63.4,286,2081
4615,618800,113267,68.8,148,2082
2127,718700,68806,58.5,180,2083
6332,520400,102855,59.8,296,2084
3587,589800,85520,69.4,226,2085
4091,484700,68258,70.4,227,2086
5436,535000,63618,72.3,473,2087
6718,"1,000,000+",82184,69.3,404,2088
3678,"1,000,000+",181959,58.8,48,2089
2869,"1,000,000+",190306,60.3,76,2090
5033,"1,000,000+",221764,53.8,48,2091
3737,"1,000,000+",238921,48.2,47,2092
4730,"1,000,000+",285150,55.4,90,2093
2567,995100,147099,53.8,37,2094
2984,"1,000,000+",161200,44.1,56,2095
1786,957800,183157,54,25,2096
6202,939800,123062,66.3,226,2097
4258,"1,000,000+",155654,52.9,31,2098
4919,"1,000,000+",139139,55.4,186,2099
4214,"1,000,000+",148218,57.7,68,2100
1649,"1,000,000+",298291,54.4,12,2101
7270,770900,178551,50.9,138,2102
6901,"1,000,000+",118154,62.1,185,2103
5159,"1,000,000+",192817,51.1,121,2104
5468,787300,65896,63.4,780,2105
3763,676000,55445,57.2,583,2106
6519,517800,88199,81.1,664,2107
5456,788000,82061,83.8,356,2108
5255,768200,90887,81.3,434,2109
3835,627100,99519,78.7,388,2110
4413,"1,000,000+",92917,79.8,445,2111
4829,"1,000,000+",507736,59.7,125,2112
3611,"1,000,000+",345379,51.5,147,2113
5671,"1,000,000+",97498,55.5,340,2114
3352,"1,000,000+",102212,69.7,114,2115
4055,"1,000,000+",103593,66.4,446,2116
6905,"1,000,000+",96125,72.1,407,2117
5918,0,172256,72.2,223,2118
844,"1,000,000+",162862,18.3,402,2119
4081,904200,289911,54.9,134,2120
3366,749300,114488,78.1,184,2121
4695,"1,000,000+",91013,82.8,321,2122
6481,959300,187826,67.6,379,2123
6577,743200,91722,67,381,2124
5021,650900,97399,74.3,335,2125
3990,"1,000,000+",82577,68.7,292,2126
4493,650500,151997,67.4,91,2127
4165,616400,99255,74,308,2128
3074,640100,73000,71.2,163,2129
3200,630800,65954,75.3,367,2130
5725,630100,66655,69.1,729,2131
4331,857100,73302,61.1,585,2132
3682,849200,90755,66.4,421,2133
5573,"1,000,000+",101767,74.4,459,2134
6654,990500,108192,76.7,418,2135
5023,"1,000,000+",92917,75.9,454,2136
3823,994100,131238,71.3,272,2137
6798,785300,108720,64.5,533,2138
3875,801500,100613,76.6,214,2139
5106,444200,111159,70.4,296,2140
4453,694200,102447,65.4,183,2141
6130,764100,132624,70,94,2142
3501,751800,145889,69.6,78,2143
5324,651900,85860,65.6,303,2144
2223,738300,93052,73.1,77,2145
3125,462700,78201,71.3,233,2146
8866,416700,111866,75.6,527,2147
5534,872900,83950,74.3,358,2148
7398,677500,133755,61,109,2149
5243,676600,98371,60.9,360,2150
5691,931900,117459,61.4,330,2151
5368,"1,000,000+",182419,61.6,60,2152
7551,"1,000,000+",155154,70,299,2153
6357,"1,000,000+",212715,58,171,2154
5252,"1,000,000+",252401,62.9,143,2155
4695,657900,239239,53.8,79,2156
6826,831400,124732,70,146,2157
3446,873700,137675,57.9,42,2158
5098,705700,156216,65.9,138,2159
5183,727400,119462,71.4,398,2160
2691,710200,125688,77.1,197,2161
6724,"1,000,000+",143380,75,217,2162
922,731600,142914,65.5,74,2163
810,871300,128925,72,39,2164
6734,"1,000,000+",181460,63.9,103,2165
2578,"1,000,000+",251227,51.5,102,2166
6995,"1,000,000+",263124,58,558,2167
3923,"1,000,000+",240365,53.6,10,2168
2307,"1,000,000+",170887,56.3,188,2169
3216,223100,190811,58.4,194,2170
860,219400,38623,28.2,194,2171
6322,224200,53592,51.5,909,2172
5893,232600,64209,55.3,609,2173
1259,144200,56827,54,139,2174
4226,197100,57158,49,308,2175
6704,303100,57983,52.8,843,2176
5820,248700,70404,60.7,295,2177
3859,226100,57850,53.2,444,2178
4670,170800,55634,57.4,499,2179
8061,291500,52066,58.6,1018,2180
3761,40400,85494,61.7,242,2181
5396,77400,34680,54.6,1023,2182
7262,172300,47820,56.9,592,2183
4010,222000,45036,51.4,677,2184
4077,259200,38325,46.1,844,2185
3535,164500,70430,58.3,373,2186
5459,216600,45472,59.5,1039,2187
4785,185400,45553,53.3,886,2188
3758,235700,47002,54,534,2189
3007,316900,40679,69.9,415,2190
4785,236100,55300,65.1,495,2191
9411,195900,59462,60.9,826,2192
3525,212900,45652,52.3,772,2193
4776,226900,61608,49,484,2194
3488,282000,23900,43.5,954,2195
3648,0,73425,59.1,271,2196
5568,307900,0,0,0,2197
11835,334500,87881,69.7,618,2198
1990,267500,97918,59.2,165,2199
2987,317800,80948,61.7,165,2200
5525,304200,83310,55.9,379,2201
6029,310300,61068,56.1,894,2202
5148,264300,89921,60.6,385,2203
5223,313100,60390,60,572,2204
5604,320200,73480,60.3,318,2205
10418,311800,89809,64.1,229,2206
1193,341400,63707,48.9,150,2207
1416,487900,79296,63.1,69,2208
3969,221000,112794,61.1,127,2209
6407,274300,60064,58.5,285,2210
6639,215000,59282,54.2,748,2211
1351,247700,49455,59.6,222,2212
4290,414300,63753,51,684,2213
5762,489300,122574,62.7,149,2214
1198,361500,99897,61.9,18,2215
3505,314100,104292,72.2,94,2216
5999,277800,92774,62.3,306,2217
6570,351600,72782,64.5,329,2218
4203,342600,99127,65.8,176,2219
6851,374200,101517,65.4,132,2220
4471,346300,102604,59,334,2221
5847,320000,99609,59.4,272,2222
6549,194200,78024,61.7,277,2223
3517,250000,38387,55.7,778,2224
2398,219200,27284,59.8,681,2225
3786,193800,56732,57.8,664,2226
5554,187000,23892,58.4,1745,2227
4047,159100,40446,55.2,578,2228
5249,311800,43757,56.6,874,2229
2916,202000,56898,60.4,327,2230
6720,82700,46190,53.6,1129,2231
3468,210800,38272,60.9,579,2232
7113,160600,59194,59.9,613,2233
4817,255900,50456,55.2,666,2234
2870,273600,61816,69.3,359,2235
12263,244400,70716,61.8,628,2236
5892,202100,63758,59.9,370,2237
4445,366900,63693,62.6,657,2238
1814,159100,96801,56.1,104,2239
7803,262200,48540,49.1,710,2240
2415,227900,73536,63.8,139,2241
5926,257900,60768,60.6,518,2242
3896,200000,51802,57.4,451,2243
6281,300300,55894,62.5,543,2244
5820,556000,72619,63.6,358,2245
3070,562800,102880,65.5,201,2246
4585,434400,88319,64.5,398,2247
5986,411800,118927,66.4,149,2248
3658,959300,93110,65.6,96,2249
2299,556800,200811,68,77,2250
2726,670800,111825,64.8,129,2251
267,413600,130226,64.2,17,2252
458,713700,85283,63.9,31,2253
3510,277700,123063,66.2,103,2254
3826,86100,75277,48,279,2255
270,282900,100718,40.8,9,2256
1040,448600,93145,66.1,79,2257
4648,560200,115542,67,92,2258
6512,587500,135291,70.1,184,2259
5163,448000,121705,69.7,113,2260
4625,492900,87735,66.1,176,2261
2446,521700,97356,74.1,113,2262
7315,118400,112992,73.2,339,2263
2840,794400,73344,66.1,195,2264
401,411000,132018,58.7,11,2265
6148,285500,109859,75.6,222,2266
3257,397100,80909,77.2,93,2267
5550,318000,93575,84.4,230,2268
4996,568000,67089,55.2,122,2269
3128,162500,144861,72.1,39,2270
634,441200,73302,61,63,2271
3403,388100,91834,72.6,293,2272
8094,425800,86447,66.4,500,2273
3390,242400,88377,75.8,229,2274
7247,248600,60404,75.6,758,2275
4050,502600,51371,74.1,380,2276
1957,485100,116896,80.5,39,2277
3356,370500,105722,68.6,186,2278
2874,395600,95112,72.2,114,2279
6876,575600,84126,70.5,458,2280
5831,467400,133234,69,193,2281
3180,482800,135868,72.4,43,2282
4764,414900,117900,74.1,160,2283
5735,508200,89453,66.9,410,2284
2963,367800,117672,70,184,2285
3031,668600,84018,75,388,2286
4930,522200,157984,56.4,65,2287
3648,555600,120413,78.6,69,2288
4366,611700,113442,64.6,97,2289
5078,465800,138932,74.4,164,2290
3199,532200,110960,77.9,79,2291
3954,508600,90965,57.3,133,2292
6496,527600,110271,77.5,288,2293
3776,492800,124182,68.5,106,2294
4887,544700,115369,78.8,247,2295
5959,616200,130456,78.8,86,2296
2010,0,149413,72.3,19,2297
6534,634900,0,0,0,2298
1295,678600,183673,74,71,2299
5532,478300,102748,69.2,344,2300
5960,615100,102798,65.7,225,2301
2729,545400,134738,75.6,60,2302
2980,570800,101081,63.1,38,2303
6712,"1,000,000+",104540,70.5,242,2304
1831,473400,148911,72.5,85,2305
5590,490000,103043,76.6,204,2306
5346,494000,101033,68.6,282,2307
4059,370900,92877,64.4,143,2308
2547,511000,97986,61.9,94,2309
6363,370200,94911,62.4,398,2310
6342,391100,56760,71.8,967,2311
7736,708100,59196,78.1,1128,2312
5982,682400,178617,71.5,97,2313
7051,819400,168188,70.7,57,2314
193,219800,182437,76.6,0,2315
639,368800,120225,65.5,71,2316
1008,676100,88773,43.1,51,2317
0,0,0,0,0,2318
0,0,0,0,0,2319
0,0,0,0,0,2320
22,0,0,100,12,2321
0,0,0,0,0,2322
0,0,0,0,0,2323
4,0,0,0,2,2324
101,0,30109,36.5,39,2325
4,0,0,75,0,2326
137,512500,46168,45.7,22,2327
0,0,0,0,0,2328
102,230600,49988,44.1,33,2329
419,0,37721,65.9,94,2330
2,0,0,100,0,2331
220,625000,122161,73.6,0,2332
0,0,0,0,0,2333
0,0,0,0,0,2334
0,0,0,0,0,2335
9,0,0,0,0,2336
153,644200,215825,85.1,0,2337
0,0,0,0,0,2338
78,172100,0,21.4,0,2339
0,0,0,0,0,2340
0,0,0,0,0,2341
1049,18600,0,2.3,0,2342
2,0,0,100,0,2343
0,0,0,0,0,2344
0,0,0,0,0,2345
0,0,0,0,0,2346